{
  "test_auc": 0.9851190476190476,
  "optimal_threshold": 0.26255872786680096,
  "test_confusion_matrix": [
    [
      78,
      6
    ],
    [
      0,
      16
    ]
  ],
  "test_classification_report": {
    "0": {
      "precision": 1.0,
      "recall": 0.9285714285714286,
      "f1-score": 0.9629629629629629,
      "support": 84.0
    },
    "1": {
      "precision": 0.7272727272727273,
      "recall": 1.0,
      "f1-score": 0.8421052631578947,
      "support": 16.0
    },
    "accuracy": 0.94,
    "macro avg": {
      "precision": 0.8636363636363636,
      "recall": 0.9642857142857143,
      "f1-score": 0.9025341130604287,
      "support": 100.0
    },
    "weighted avg": {
      "precision": 0.9563636363636364,
      "recall": 0.94,
      "f1-score": 0.943625730994152,
      "support": 100.0
    }
  }
}