{
  "model_comparison": {
    "Logistic Regression": {
      "accuracy": 0.525,
      "precision": 0.375,
      "recall": 0.4,
      "f1": 0.3870967741935484,
      "roc_auc": 0.5
    },
    "Random Forest": {
      "accuracy": 0.475,
      "precision": 0.3125,
      "recall": 0.3333333333333333,
      "f1": 0.3225806451612903,
      "roc_auc": 0.4373333333333334
    },
    "Gradient Boosting": {
      "accuracy": 0.6,
      "precision": 0.42857142857142855,
      "recall": 0.2,
      "f1": 0.2727272727272727,
      "roc_auc": 0.36000000000000004
    },
    "SVM": {
      "accuracy": 0.5,
      "precision": 0.35294117647058826,
      "recall": 0.4,
      "f1": 0.375,
      "roc_auc": 0.44133333333333336
    },
    "Tuned Logistic Regression": {
      "accuracy": 0.625,
      "precision": 0.0,
      "recall": 0.0,
      "f1": 0.0,
      "roc_auc": 0.38933333333333336
    }
  },
  "cross_validation_scores": {
    "Logistic Regression": {
      "mean": 0.4672688933873145,
      "std": 0.11271005515726332,
      "scores": [
        0.3967611336032389,
        0.5458333333333334,
        0.6,
        0.5083333333333333,
        0.28541666666666665
      ]
    },
    "Random Forest": {
      "mean": 0.44539811066126855,
      "std": 0.0986912430450371,
      "scores": [
        0.3603238866396761,
        0.5458333333333334,
        0.5625,
        0.44583333333333336,
        0.3125
      ]
    },
    "Gradient Boosting": {
      "mean": 0.4692105263157894,
      "std": 0.11914745129802663,
      "scores": [
        0.4210526315789474,
        0.5708333333333333,
        0.6375,
        0.41041666666666665,
        0.30625
      ]
    },
    "SVM": {
      "mean": 0.4465536437246963,
      "std": 0.09950999174035666,
      "scores": [
        0.37651821862348184,
        0.5416666666666666,
        0.5458333333333334,
        0.47916666666666663,
        0.2895833333333333
      ]
    },
    "Tuned Logistic Regression": {
      "mean": 0.5193117408906882,
      "std": 0.01762382636794571,
      "scores": [
        0.5465587044534413,
        0.5,
        0.5,
        0.525,
        0.525
      ]
    }
  },
  "best_model": {
    "name": "Tuned Logistic Regression",
    "parameters": {
      "C": 1,
      "penalty": "l1",
      "solver": "liblinear"
    },
    "cv_score": 0.5193117408906882,
    "test_performance": {
      "accuracy": 0.625,
      "precision": 0.0,
      "recall": 0.0,
      "f1": 0.0,
      "roc_auc": 0.38933333333333336
    }
  },
  "dataset_info": {
    "total_samples": 200,
    "training_samples": 160,
    "test_samples": 40,
    "greenwashing_rate": 0.38,
    "feature_dimension": 414,
    "feature_type": "TF-IDF"
  }
}