{
  "model_comparison": {
    "Logistic Regression": {
      "accuracy": 0.525,
      "precision": 0.35714285714285715,
      "recall": 0.3333333333333333,
      "f1": 0.3448275862068966,
      "roc_auc": 0.496
    },
    "Random Forest": {
      "accuracy": 0.475,
      "precision": 0.2857142857142857,
      "recall": 0.26666666666666666,
      "f1": 0.27586206896551724,
      "roc_auc": 0.5053333333333334
    },
    "Gradient Boosting": {
      "accuracy": 0.55,
      "precision": 0.4,
      "recall": 0.4,
      "f1": 0.4,
      "roc_auc": 0.5133333333333333
    },
    "SVM": {
      "accuracy": 0.475,
      "precision": 0.38461538461538464,
      "recall": 0.6666666666666666,
      "f1": 0.4878048780487805,
      "roc_auc": 0.43333333333333335
    },
    "Tuned Gradient Boosting": {
      "accuracy": 0.575,
      "precision": 0.42857142857142855,
      "recall": 0.4,
      "f1": 0.41379310344827586,
      "roc_auc": 0.5266666666666666
    }
  },
  "cross_validation_scores": {
    "Logistic Regression": {
      "mean": 0.6516052631578948,
      "std": 0.047345564661061906,
      "scores": [
        0.6675,
        0.5725,
        0.6825,
        0.6276315789473684,
        0.7078947368421054
      ]
    },
    "Random Forest": {
      "mean": 0.69175,
      "std": 0.058395406888781656,
      "scores": [
        0.675,
        0.59125,
        0.7675,
        0.7065789473684211,
        0.718421052631579
      ]
    },
    "Gradient Boosting": {
      "mean": 0.6278421052631579,
      "std": 0.08383591016858474,
      "scores": [
        0.5900000000000001,
        0.515,
        0.625,
        0.7723684210526316,
        0.6368421052631579
      ]
    },
    "SVM": {
      "mean": 0.5671315789473684,
      "std": 0.060510318252001025,
      "scores": [
        0.5,
        0.575,
        0.6225,
        0.4960526315789474,
        0.6421052631578947
      ]
    },
    "Tuned Gradient Boosting": {
      "mean": 0.6786842105263158,
      "std": 0.06817359095834054,
      "scores": [
        0.675,
        0.5574999999999999,
        0.7675000000000001,
        0.6960526315789474,
        0.6973684210526315
      ]
    }
  },
  "best_model": {
    "name": "Tuned Gradient Boosting",
    "parameters": {
      "learning_rate": 0.2,
      "max_depth": 3,
      "n_estimators": 50,
      "subsample": 0.9
    },
    "cv_score": 0.6786842105263158,
    "test_performance": {
      "accuracy": 0.575,
      "precision": 0.42857142857142855,
      "recall": 0.4,
      "f1": 0.41379310344827586,
      "roc_auc": 0.5266666666666666
    }
  },
  "dataset_info": {
    "total_samples": 200,
    "training_samples": 160,
    "test_samples": 40,
    "greenwashing_rate": 0.38,
    "feature_dimension": 387,
    "feature_type": "Sentence Embeddings + Text Features",
    "embedding_model": "all-MiniLM-L6-v2",
    "class_balancing": "SMOTE"
  }
}