{
  "model_comparison": {
    "Logistic Regression": {
      "accuracy": 0.74,
      "precision": 0.32142857142857145,
      "recall": 0.5625,
      "f1": 0.4090909090909091,
      "roc_auc": 0.5974702380952381
    },
    "Random Forest": {
      "accuracy": 0.76,
      "precision": 0.21428571428571427,
      "recall": 0.1875,
      "f1": 0.2,
      "roc_auc": 0.6041666666666666
    },
    "Gradient Boosting": {
      "accuracy": 0.74,
      "precision": 0.1875,
      "recall": 0.1875,
      "f1": 0.1875,
      "roc_auc": 0.6049107142857143
    },
    "SVM": {
      "accuracy": 0.56,
      "precision": 0.16666666666666666,
      "recall": 0.4375,
      "f1": 0.2413793103448276,
      "roc_auc": 0.5171130952380952
    },
    "Tuned Gradient Boosting": {
      "accuracy": 0.74,
      "precision": 0.1875,
      "recall": 0.1875,
      "f1": 0.1875,
      "roc_auc": 0.6049107142857143
    }
  },
  "cross_validation_scores": {
    "Logistic Regression": {
      "mean": 0.8554047147930236,
      "std": 0.036700438854617545,
      "scores": [
        0.8830114135206322,
        0.8922300263388938,
        0.8799287146357764,
        0.8055246157273335,
        0.8163288037424817
      ]
    },
    "Random Forest": {
      "mean": 0.9579537562407454,
      "std": 0.008763808527296496,
      "scores": [
        0.9721246707638279,
        0.9491878841088676,
        0.9514368456226331,
        0.9528848295834261,
        0.9641345511249722
      ]
    },
    "Gradient Boosting": {
      "mean": 0.9489814972547274,
      "std": 0.007236016182666422,
      "scores": [
        0.9582967515364353,
        0.93887181738367,
        0.9423034083314769,
        0.9523279126754288,
        0.9531075963466252
      ]
    },
    "SVM": {
      "mean": 0.5709056779316761,
      "std": 0.06673746869026687,
      "scores": [
        0.5559701492537313,
        0.6533143107989465,
        0.6184005346402317,
        0.45689463132100694,
        0.5699487636444642
      ]
    }
  },
  "best_model": {
    "name": "Gradient Boosting",
    "parameters": "default",
    "cv_score": 0.9489814972547274,
    "test_performance": {
      "accuracy": 0.74,
      "precision": 0.1875,
      "recall": 0.1875,
      "f1": 0.1875,
      "roc_auc": 0.6049107142857143
    }
  },
  "dataset_info": {
    "total_samples": 500,
    "training_samples": 400,
    "test_samples": 100,
    "greenwashing_rate": 0.16,
    "feature_dimension": 387,
    "feature_type": "Sentence Embeddings + Text Features",
    "embedding_model": "all-MiniLM-L6-v2",
    "class_balancing": "SMOTE"
  }
}