{
  "Voting (Soft)": {
    "accuracy": 0.975,
    "precision": 1.0,
    "recall": 0.9333333333333333,
    "f1": 0.9655172413793104,
    "roc_auc": 1.0,
    "cv_mean": 0.9960000000000001,
    "cv_std": 0.006819090848492954
  },
  "Stacking (SVM + RF)": {
    "accuracy": 0.95,
    "precision": 1.0,
    "recall": 0.8666666666666667,
    "f1": 0.9285714285714286,
    "roc_auc": 1.0,
    "cv_mean": 0.9695,
    "cv_std": 0.03443835071544511
  },
  "Stacking (All)": {
    "accuracy": 0.975,
    "precision": 1.0,
    "recall": 0.9333333333333333,
    "f1": 0.9655172413793104,
    "roc_auc": 1.0,
    "cv_mean": 0.9974999999999999,
    "cv_std": 0.005000000000000026
  }
}