{
  "accuracy": 0.995,
  "precision": 0.987012987012987,
  "f1_score": 0.9934640522875817,
  "classification_report": {
    "0": {
      "precision": 1.0,
      "recall": 0.9919354838709677,
      "f1-score": 0.9959514170040485,
      "support": 124.0
    },
    "1": {
      "precision": 0.987012987012987,
      "recall": 1.0,
      "f1-score": 0.9934640522875817,
      "support": 76.0
    },
    "accuracy": 0.995,
    "macro avg": {
      "precision": 0.9935064935064934,
      "recall": 0.9959677419354839,
      "f1-score": 0.9947077346458151,
      "support": 200.0
    },
    "weighted avg": {
      "precision": 0.9950649350649351,
      "recall": 0.995,
      "f1-score": 0.9950062184117912,
      "support": 200.0
    }
  },
  "confusion_matrix": [
    [
      123,
      1
    ],
    [
      0,
      76
    ]
  ],
  "predictions": [
    0,
    0,
    0,
    0,
    0,
    0,
    1,
    0,
    0,
    1,
    0,
    1,
    1,
    1,
    1,
    0,
    1,
    1,
    1,
    0,
    0,
    0,
    1,
    0,
    0,
    0,
    0,
    0,
    1,
    0,
    0,
    0,
    0,
    0,
    0,
    0,
    1,
    1,
    0,
    0,
    1,
    0,
    0,
    1,
    0,
    1,
    1,
    0,
    1,
    1,
    1,
    0,
    1,
    1,
    0,
    0,
    0,
    0,
    0,
    0,
    0,
    1,
    0,
    0,
    0,
    1,
    1,
    1,
    0,
    0,
    0,
    0,
    0,
    1,
    1,
    1,
    0,
    0,
    0,
    1,
    1,
    1,
    1,
    0,
    0,
    0,
    0,
    1,
    0,
    0,
    0,
    0,
    0,
    1,
    1,
    0,
    1,
    0,
    1,
    0,
    0,
    1,
    1,
    0,
    0,
    0,
    0,
    0,
    0,
    1,
    0,
    0,
    0,
    0,
    1,
    1,
    0,
    1,
    0,
    0,
    0,
    0,
    1,
    0,
    0,
    0,
    0,
    1,
    0,
    1,
    1,
    1,
    1,
    0,
    0,
    0,
    1,
    0,
    0,
    0,
    0,
    1,
    0,
    1,
    0,
    1,
    0,
    1,
    0,
    1,
    0,
    0,
    0,
    0,
    0,
    0,
    1,
    1,
    1,
    1,
    0,
    0,
    1,
    1,
    1,
    0,
    0,
    0,
    0,
    1,
    1,
    0,
    0,
    0,
    0,
    0,
    0,
    0,
    1,
    0,
    0,
    0,
    1,
    0,
    0,
    1,
    0,
    1,
    1,
    1,
    1,
    1,
    0,
    1,
    0,
    0,
    1,
    0,
    1,
    1
  ],
  "probabilities": [
    [
      0.9998848464642469,
      0.00011515353575310429
    ],
    [
      0.9989353422683268,
      0.0010646577316732197
    ],
    [
      0.983237726831445,
      0.01676227316855507
    ],
    [
      0.9995011972118818,
      0.0004988027881182353
    ],
    [
      0.9966543403144033,
      0.003345659685596693
    ],
    [
      0.99973293159833,
      0.00026706840167002154
    ],
    [
      0.0012939622442760257,
      0.998706037755724
    ],
    [
      0.9999706611517868,
      2.9338848213180065e-05
    ],
    [
      0.9989534171778173,
      0.0010465828221827627
    ],
    [
      0.008918686325475766,
      0.9910813136745242
    ],
    [
      0.9989351645021324,
      0.0010648354978675795
    ],
    [
      0.05312522141780074,
      0.9468747785821993
    ],
    [
      0.027684622088896105,
      0.9723153779111039
    ],
    [
      0.014447304815454753,
      0.9855526951845452
    ],
    [
      0.03252177571832737,
      0.9674782242816726
    ],
    [
      0.9812570695321474,
      0.018742930467852532
    ],
    [
      0.06526913606850371,
      0.9347308639314963
    ],
    [
      0.025088068284387366,
      0.9749119317156126
    ],
    [
      0.0025703435119149853,
      0.997429656488085
    ],
    [
      0.9979598710502878,
      0.0020401289497121848
    ],
    [
      0.9968822534663286,
      0.003117746533671306
    ],
    [
      0.9637124547577613,
      0.03628754524223867
    ],
    [
      0.022046486018529987,
      0.97795351398147
    ],
    [
      0.976169566728175,
      0.023830433271824998
    ],
    [
      0.9993559180172187,
      0.0006440819827812755
    ],
    [
      0.979740042393826,
      0.02025995760617403
    ],
    [
      0.9918782838315394,
      0.008121716168460611
    ],
    [
      0.9961358071224902,
      0.003864192877509811
    ],
    [
      0.0062113253836351134,
      0.9937886746163649
    ],
    [
      0.9872642806058489,
      0.012735719394151131
    ],
    [
      0.9998671749959983,
      0.00013282500400171423
    ],
    [
      0.9782769843016735,
      0.0217230156983265
    ],
    [
      0.7520419076031819,
      0.24795809239681812
    ],
    [
      0.9968073198409163,
      0.003192680159083746
    ],
    [
      0.9979110338236392,
      0.0020889661763608294
    ],
    [
      0.9868395363244812,
      0.013160463675518826
    ],
    [
      0.05044157614033107,
      0.9495584238596689
    ],
    [
      0.08199539348506824,
      0.9180046065149318
    ],
    [
      0.9972480420585859,
      0.0027519579414141556
    ],
    [
      0.9870162425360052,
      0.01298375746399482
    ],
    [
      0.026687627658349866,
      0.9733123723416501
    ],
    [
      0.9896228624066067,
      0.010377137593393286
    ],
    [
      0.9952744319049539,
      0.004725568095046067
    ],
    [
      0.02862289691165598,
      0.971377103088344
    ],
    [
      0.9466338102162208,
      0.05336618978377918
    ],
    [
      0.028448130045287234,
      0.9715518699547128
    ],
    [
      0.0628582473541236,
      0.9371417526458764
    ],
    [
      0.9978561269909727,
      0.0021438730090273302
    ],
    [
      0.007821584486303212,
      0.9921784155136968
    ],
    [
      0.041508169388574045,
      0.958491830611426
    ],
    [
      0.3968887572243752,
      0.6031112427756248
    ],
    [
      0.9955724472118873,
      0.004427552788112721
    ],
    [
      0.009437768222565812,
      0.9905622317774342
    ],
    [
      0.022165488681265555,
      0.9778345113187344
    ],
    [
      0.9982187218108111,
      0.001781278189188917
    ],
    [
      0.9998964157337424,
      0.0001035842662575498
    ],
    [
      0.9839757012012431,
      0.016024298798756907
    ],
    [
      0.841993760984505,
      0.1580062390154951
    ],
    [
      0.9870254975977409,
      0.012974502402259069
    ],
    [
      0.9970205439039987,
      0.002979456096001208
    ],
    [
      0.9992071861362682,
      0.0007928138637317514
    ],
    [
      0.02123868298360343,
      0.9787613170163966
    ],
    [
      0.9999291746013848,
      7.082539861527063e-05
    ],
    [
      0.9596990285026356,
      0.04030097149736445
    ],
    [
      0.9938024543037896,
      0.00619754569621042
    ],
    [
      0.010389593768359129,
      0.9896104062316409
    ],
    [
      0.1400473196528127,
      0.8599526803471873
    ],
    [
      0.03456096149344645,
      0.9654390385065535
    ],
    [
      0.9986127087625203,
      0.001387291237479768
    ],
    [
      0.9880490740784541,
      0.01195092592154588
    ],
    [
      0.9995529806091938,
      0.00044701939080614965
    ],
    [
      0.9926230840086803,
      0.007376915991319742
    ],
    [
      0.9988217386461018,
      0.0011782613538982392
    ],
    [
      0.046590541739522484,
      0.9534094582604775
    ],
    [
      0.0170765237433409,
      0.9829234762566591
    ],
    [
      0.011259494284686977,
      0.988740505715313
    ],
    [
      0.9907785620873453,
      0.00922143791265478
    ],
    [
      0.999973551584226,
      2.6448415774078396e-05
    ],
    [
      0.9988157844862502,
      0.0011842155137498172
    ],
    [
      0.0014269357878358147,
      0.9985730642121642
    ],
    [
      0.019801925322266656,
      0.9801980746777333
    ],
    [
      0.010138152199232642,
      0.9898618478007674
    ],
    [
      0.019934185453694075,
      0.9800658145463059
    ],
    [
      0.9997989276826055,
      0.00020107231739451082
    ],
    [
      0.9897814652665264,
      0.010218534733473597
    ],
    [
      0.9820138708674843,
      0.01798612913251579
    ],
    [
      0.9735103450574506,
      0.026489654942549446
