{
  "Logistic Regression": {
    "accuracy": 0.525,
    "precision": 0.375,
    "recall": 0.4,
    "f1": 0.3870967741935484,
    "roc_auc": 0.4973333333333333
  },
  "Random Forest": {
    "accuracy": 0.55,
    "precision": 0.4,
    "recall": 0.4,
    "f1": 0.4,
    "roc_auc": 0.5133333333333334
  },
  "Gradient Boosting": {
    "accuracy": 0.425,
    "precision": 0.2777777777777778,
    "recall": 0.3333333333333333,
    "f1": 0.30303030303030304,
    "roc_auc": 0.42000000000000004
  },
  "SVM": {
    "accuracy": 0.575,
    "precision": 0.42857142857142855,
    "recall": 0.4,
    "f1": 0.41379310344827586,
    "roc_auc": 0.5426666666666666
  }
}